{
  "language": "en",
  "generation": {
    "post_length_min": 1800,
    "post_length_max": 2200,
    "subheading_interval": 250,
    "h2_max_chars": 60,
    "h3_max_chars": 60,
    "title_max_chars": 60,
    "description_max_chars": 160
  },
  "internal_links_min": 1,
  "internal_links_max": 3,
  "min_link_pool_posts": 5,
  "faq_count_min": 3,
  "faq_count_max": 6,
  "max_posts_per_day": 0,
  "draft_if_fail": true,
  "categories_mode": "auto",
  "categories_allowed": [],
  "categories_per_post": 1,
  "qa_thresholds": {
    "min_words": 1000,
    "max_words": 5000,
    "min_subheadings": 5,
    "require_faq": true,
    "require_internal_links": false
  }
}
